{
    "final_train_loss": 3.157504505157471,
    "final_val_loss": 3.114544923782349,
    "final_train_ci": 0.4246485075897476,
    "final_val_ci": 0.38880860098892983,
    "best_val_ci": 0.457809586471026
}